﻿<?xml version="1.0" encoding="utf-8" standalone="yes"?><sst count="35" uniqueCount="35" xmlns="http://schemas.openxmlformats.org/spreadsheetml/2006/main"><si><t>LOẠI HÀNG</t></si><si><t>MÃ HÀNG</t></si><si><t>TÊN HÀNG</t></si><si><t>GIÁ BÁN</t></si><si><t>GIÁ VỐN</t></si><si><t>TỒN KHO</t></si><si><t>ĐVT</t></si><si><t>VỊ TRÍ</t></si><si><t>Mỹ phẩm</t></si><si><t>SP00003</t></si><si><t>Lăn nách boss gold to 50ml</t></si><si><t>58000</t></si><si><t>30000</t></si><si><t>10</t></si><si><t>Chai</t></si><si><t /></si><si><t>Kẹo bánh</t></si><si><t>SP00004</t></si><si><t>Kẹo extar xylitol bac hà hũ 56g</t></si><si><t>22000</t></si><si><t>20000</t></si><si><t>Nước ngọt</t></si><si><t>SP00005</t></si><si><t>Coca chai 390ml</t></si><si><t>7000</t></si><si><t>6500</t></si><si><t>9</t></si><si><t>Đồ ăn nhanh</t></si><si><t>SP00006</t></si><si><t>Hộp phở bò phố cổ</t></si><si><t>10000</t></si><si><t>8000</t></si><si><t>5</t></si><si><t>Gói</t></si><si><t>Kệ số 2</t></si></sst>